sample_id,device_id,cache_index,chronological_rank,buffer_segment_id,true_label,victim_prediction,victim_confidence,victim_true_confidence,victim_clean_correct,evaluator_prediction,evaluator_confidence,evaluator_true_confidence,evaluator_clean_correct,dual_clean_correct
wifib|device=1|capture=23Jan|frame=2129|row=1859,1,1859,1859,0,0,1,0.6580955386161804,0.6580955386161804,True,1,0.9816589951515198,0.9816589951515198,True,True
wifib|device=1|capture=23Jan|frame=2131|row=1861,1,1861,1861,0,0,1,0.6320858597755432,0.6320858597755432,True,1,0.9826085567474365,0.9826085567474365,True,True
wifib|device=1|capture=23Jan|frame=2133|row=1863,1,1863,1863,0,0,1,0.6922420859336853,0.6922420859336853,True,1,0.9943689703941345,0.9943689703941345,True,True
wifib|device=1|capture=23Jan|frame=2136|row=1866,1,1866,1866,0,0,1,0.657829225063324,0.657829225063324,True,1,0.9879561066627502,0.9879561066627502,True,True
wifib|device=1|capture=23Jan|frame=2142|row=1870,1,1870,1870,0,0,1,0.5356037616729736,0.5356037616729736,True,1,0.9600232243537903,0.9600232243537903,True,True
wifib|device=1|capture=23Jan|frame=2149|row=1877,1,1877,1877,0,0,1,0.656387209892273,0.656387209892273,True,1,0.9894746541976929,0.9894746541976929,True,True
wifib|device=1|capture=23Jan|frame=2151|row=1879,1,1879,1879,0,0,1,0.5156861543655396,0.5156861543655396,True,1,0.9630013108253479,0.9630013108253479,True,True
wifib|device=1|capture=23Jan|frame=2155|row=1883,1,1883,1883,0,0,1,0.5634372234344482,0.5634372234344482,True,1,0.9915462136268616,0.9915462136268616,True,True
wifib|device=1|capture=23Jan|frame=2775|row=2421,1,2421,2421,1,0,1,0.5220891237258911,0.5220891237258911,True,1,0.8711568713188171,0.8711568713188171,True,True
wifib|device=1|capture=23Jan|frame=2779|row=2425,1,2425,2425,1,0,1,0.46244850754737854,0.46244850754737854,True,1,0.9214361310005188,0.9214361310005188,True,True
wifib|device=1|capture=23Jan|frame=2780|row=2426,1,2426,2426,1,0,1,0.4923001825809479,0.4923001825809479,True,1,0.9757041931152344,0.9757041931152344,True,True
wifib|device=1|capture=23Jan|frame=2785|row=2431,1,2431,2431,1,0,1,0.5653929114341736,0.5653929114341736,True,1,0.9237945675849915,0.9237945675849915,True,True
wifib|device=1|capture=23Jan|frame=2792|row=2438,1,2438,2438,1,0,1,0.47872766852378845,0.47872766852378845,True,1,0.9824132919311523,0.9824132919311523,True,True
wifib|device=1|capture=23Jan|frame=2793|row=2439,1,2439,2439,1,0,1,0.6299864053726196,0.6299864053726196,True,1,0.9799265265464783,0.9799265265464783,True,True
wifib|device=1|capture=23Jan|frame=2794|row=2440,1,2440,2440,1,0,1,0.4954777657985687,0.4954777657985687,True,1,0.9553259015083313,0.9553259015083313,True,True
wifib|device=1|capture=23Jan|frame=2802|row=2446,1,2446,2446,1,0,1,0.4935115575790405,0.4935115575790405,True,1,0.9769544005393982,0.9769544005393982,True,True
wifib|device=1|capture=23Jan|frame=2803|row=2447,1,2447,2447,1,0,1,0.57492595911026,0.57492595911026,True,1,0.9203585386276245,0.9203585386276245,True,True
wifib|device=1|capture=23Jan|frame=3380|row=2978,1,2978,2978,2,0,1,0.4566357135772705,0.4566357135772705,True,1,0.8986948132514954,0.8986948132514954,True,True
wifib|device=1|capture=23Jan|frame=3381|row=2979,1,2979,2979,2,0,1,0.6294455528259277,0.6294455528259277,True,1,0.8122920989990234,0.8122920989990234,True,True
wifib|device=1|capture=23Jan|frame=3384|row=2982,1,2982,2982,2,0,1,0.4704740643501282,0.4704740643501282,True,1,0.979202926158905,0.979202926158905,True,True
wifib|device=1|capture=23Jan|frame=3386|row=2984,1,2984,2984,2,0,1,0.5989976525306702,0.5989976525306702,True,1,0.9101144075393677,0.9101144075393677,True,True
wifib|device=1|capture=23Jan|frame=3396|row=2992,1,2992,2992,2,0,1,0.5674516558647156,0.5674516558647156,True,1,0.9859446287155151,0.9859446287155151,True,True
wifib|device=1|capture=23Jan|frame=3397|row=2993,1,2993,2993,2,0,1,0.4675535261631012,0.4675535261631012,True,1,0.8447932004928589,0.8447932004928589,True,True
wifib|device=1|capture=23Jan|frame=3400|row=2996,1,2996,2996,2,0,1,0.45601096749305725,0.45601096749305725,True,1,0.9368205666542053,0.9368205666542053,True,True
wifib|device=1|capture=23Jan|frame=3404|row=3000,1,3000,3000,2,0,1,0.4900248944759369,0.4900248944759369,True,1,0.9243597388267517,0.9243597388267517,True,True
wifib|device=4|capture=23Jan|frame=2135|row=1929,4,29939,1929,0,1,4,0.6935041546821594,0.6935041546821594,True,4,0.9975188970565796,0.9975188970565796,True,True
wifib|device=4|capture=23Jan|frame=2136|row=1930,4,29940,1930,0,1,4,0.8441352844238281,0.8441352844238281,True,4,0.9945776462554932,0.9945776462554932,True,True
wifib|device=4|capture=23Jan|frame=2139|row=1933,4,29943,1933,0,1,4,0.8251923322677612,0.8251923322677612,True,4,0.9983737468719482,0.9983737468719482,True,True
wifib|device=4|capture=23Jan|frame=2143|row=1937,4,29947,1937,0,1,4,0.862305760383606,0.862305760383606,True,4,0.9979981780052185,0.9979981780052185,True,True
wifib|device=4|capture=23Jan|frame=2149|row=1943,4,29953,1943,0,1,4,0.8706516027450562,0.8706516027450562,True,4,0.9982931017875671,0.9982931017875671,True,True
wifib|device=4|capture=23Jan|frame=2156|row=1948,4,29958,1948,0,1,4,0.9182847142219543,0.9182847142219543,True,4,0.9968805313110352,0.9968805313110352,True,True
wifib|device=4|capture=23Jan|frame=2164|row=1956,4,29966,1956,0,1,4,0.8464159965515137,0.8464159965515137,True,4,0.8373231291770935,0.8373231291770935,True,True
wifib|device=4|capture=23Jan|frame=2166|row=1958,4,29968,1958,0,1,4,0.8933373093605042,0.8933373093605042,True,4,0.9952014684677124,0.9952014684677124,True,True
wifib|device=4|capture=23Jan|frame=2762|row=2514,4,30524,2514,1,1,4,0.7856165170669556,0.7856165170669556,True,4,0.9985313415527344,0.9985313415527344,True,True
wifib|device=4|capture=23Jan|frame=2765|row=2517,4,30527,2517,1,1,4,0.7995268106460571,0.7995268106460571,True,4,0.9946653842926025,0.9946653842926025,True,True
wifib|device=4|capture=23Jan|frame=2773|row=2523,4,30533,2523,1,1,4,0.7890475392341614,0.7890475392341614,True,4,0.9948101043701172,0.9948101043701172,True,True
wifib|device=4|capture=23Jan|frame=2775|row=2525,4,30535,2525,1,1,4,0.7654122710227966,0.7654122710227966,True,4,0.9983571171760559,0.9983571171760559,True,True
wifib|device=4|capture=23Jan|frame=2780|row=2530,4,30540,2530,1,1,4,0.7762635350227356,0.7762635350227356,True,4,0.9986572265625,0.9986572265625,True,True
wifib|device=4|capture=23Jan|frame=2786|row=2534,4,30544,2534,1,1,4,0.7212077975273132,0.7212077975273132,True,4,0.9951961636543274,0.9951961636543274,True,True
wifib|device=4|capture=23Jan|frame=2788|row=2536,4,30546,2536,1,1,4,0.7195770740509033,0.7195770740509033,True,4,0.9963576197624207,0.9963576197624207,True,True
wifib|device=4|capture=23Jan|frame=2793|row=2541,4,30551,2541,1,1,4,0.8054215312004089,0.8054215312004089,True,4,0.9964148998260498,0.9964148998260498,True,True
wifib|device=4|capture=23Jan|frame=2795|row=2543,4,30553,2543,1,1,4,0.854427695274353,0.854427695274353,True,4,0.9962636828422546,0.9962636828422546,True,True
wifib|device=4|capture=23Jan|frame=3403|row=3095,4,31105,3095,2,1,4,0.9152359366416931,0.9152359366416931,True,4,0.9912804961204529,0.9912804961204529,True,True
wifib|device=4|capture=23Jan|frame=3408|row=3100,4,31110,3100,2,1,4,0.9409488439559937,0.9409488439559937,True,4,0.9977918863296509,0.9977918863296509,True,True
wifib|device=4|capture=23Jan|frame=3414|row=3104,4,31114,3104,2,1,4,0.8404813408851624,0.8404813408851624,True,4,0.9847516417503357,0.9847516417503357,True,True
wifib|device=4|capture=23Jan|frame=3415|row=3105,4,31115,3105,2,1,4,0.8834948539733887,0.8834948539733887,True,4,0.9985929131507874,0.9985929131507874,True,True
wifib|device=4|capture=23Jan|frame=3425|row=3115,4,31125,3115,2,1,4,0.8453072905540466,0.8453072905540466,True,4,0.996227502822876,0.996227502822876,True,True
wifib|device=4|capture=23Jan|frame=3428|row=3118,4,31128,3118,2,1,4,0.9367237091064453,0.9367237091064453,True,4,0.9983008503913879,0.9983008503913879,True,True
wifib|device=4|capture=23Jan|frame=3436|row=3124,4,31134,3124,2,1,4,0.788284420967102,0.788284420967102,True,4,0.996371865272522,0.996371865272522,True,True
wifib|device=4|capture=23Jan|frame=3438|row=3126,4,31136,3126,2,1,4,0.9429001212120056,0.9429001212120056,True,4,0.9970856308937073,0.9970856308937073,True,True
wifib|device=5|capture=23Jan|frame=2086|row=1895,5,48151,1895,0,2,5,0.9563482999801636,0.9563482999801636,True,5,0.9986756443977356,0.9986756443977356,True,True
wifib|device=5|capture=23Jan|frame=2089|row=1898,5,48154,1898,0,2,5,0.951038658618927,0.951038658618927,True,5,0.9975906610488892,0.9975906610488892,True,True
wifib|device=5|capture=23Jan|frame=2100|row=1909,5,48165,1909,0,2,5,0.9594902396202087,0.9594902396202087,True,5,0.9977980852127075,0.9977980852127075,True,True
wifib|device=5|capture=23Jan|frame=2103|row=1912,5,48168,1912,0,2,5,0.9248433113098145,0.9248433113098145,True,5,0.9980934262275696,0.9980934262275696,True,True
wifib|device=5|capture=23Jan|frame=2105|row=1914,5,48170,1914,0,2,5,0.947585940361023,0.947585940361023,True,5,0.9987373948097229,0.9987373948097229,True,True
wifib|device=5|capture=23Jan|frame=2107|row=1916,5,48172,1916,0,2,5,0.9581101536750793,0.9581101536750793,True,5,0.9978235960006714,0.9978235960006714,True,True
wifib|device=5|capture=23Jan|frame=2110|row=1919,5,48175,1919,0,2,5,0.9691368341445923,0.9691368341445923,True,5,0.9984275102615356,0.9984275102615356,True,True
wifib|device=5|capture=23Jan|frame=2113|row=1920,5,48176,1920,0,2,5,0.9743248820304871,0.9743248820304871,True,5,0.9978976249694824,0.9978976249694824,True,True
wifib|device=5|capture=23Jan|frame=2693|row=2466,5,48722,2466,1,2,5,0.943592369556427,0.943592369556427,True,5,0.9978267550468445,0.9978267550468445,True,True
wifib|device=5|capture=23Jan|frame=2702|row=2475,5,48731,2475,1,2,5,0.9222046732902527,0.9222046732902527,True,5,0.997797966003418,0.997797966003418,True,True
wifib|device=5|capture=23Jan|frame=2709|row=2482,5,48738,2482,1,2,5,0.9355535507202148,0.9355535507202148,True,5,0.9969306588172913,0.9969306588172913,True,True
wifib|device=5|capture=23Jan|frame=2710|row=2483,5,48739,2483,1,2,5,0.972561240196228,0.972561240196228,True,5,0.9989571571350098,0.9989571571350098,True,True
wifib|device=5|capture=23Jan|frame=2712|row=2485,5,48741,2485,1,2,5,0.8962075710296631,0.8962075710296631,True,5,0.9985478520393372,0.9985478520393372,True,True
wifib|device=5|capture=23Jan|frame=2713|row=2486,5,48742,2486,1,2,5,0.9397456049919128,0.9397456049919128,True,5,0.997164785861969,0.997164785861969,True,True
wifib|device=5|capture=23Jan|frame=2718|row=2491,5,48747,2491,1,2,5,0.9014973044395447,0.9014973044395447,True,5,0.9982927441596985,0.9982927441596985,True,True
wifib|device=5|capture=23Jan|frame=2720|row=2493,5,48749,2493,1,2,5,0.9678266048431396,0.9678266048431396,True,5,0.9984201192855835,0.9984201192855835,True,True
wifib|device=5|capture=23Jan|frame=2725|row=2498,5,48754,2498,1,2,5,0.9605759382247925,0.9605759382247925,True,5,0.9981973767280579,0.9981973767280579,True,True
wifib|device=5|capture=23Jan|frame=3315|row=3036,5,49292,3036,2,2,5,0.9286775588989258,0.9286775588989258,True,5,0.9979810118675232,0.9979810118675232,True,True
wifib|device=5|capture=23Jan|frame=3317|row=3038,5,49294,3038,2,2,5,0.9459403157234192,0.9459403157234192,True,5,0.9714890718460083,0.9714890718460083,True,True
wifib|device=5|capture=23Jan|frame=3323|row=3044,5,49300,3044,2,2,5,0.9540802240371704,0.9540802240371704,True,5,0.9959522485733032,0.9959522485733032,True,True
wifib|device=5|capture=23Jan|frame=3330|row=3051,5,49307,3051,2,2,5,0.891262948513031,0.891262948513031,True,5,0.9974896907806396,0.9974896907806396,True,True
wifib|device=5|capture=23Jan|frame=3331|row=3052,5,49308,3052,2,2,5,0.9652073979377747,0.9652073979377747,True,5,0.9974715709686279,0.9974715709686279,True,True
wifib|device=5|capture=23Jan|frame=3333|row=3054,5,49310,3054,2,2,5,0.962367832660675,0.962367832660675,True,5,0.9978659749031067,0.9978659749031067,True,True
wifib|device=5|capture=23Jan|frame=3335|row=3056,5,49312,3056,2,2,5,0.9405802488327026,0.9405802488327026,True,5,0.9983065128326416,0.9983065128326416,True,True
wifib|device=5|capture=23Jan|frame=3347|row=3068,5,49324,3068,2,2,5,0.8829847574234009,0.8829847574234009,True,5,0.9963353872299194,0.9963353872299194,True,True
wifib|device=6|capture=23Jan|frame=2192|row=1716,6,51543,1716,0,3,6,0.5774657130241394,0.5774657130241394,True,6,0.9924559593200684,0.9924559593200684,True,True
wifib|device=6|capture=23Jan|frame=2196|row=1720,6,51547,1720,0,3,6,0.4331164062023163,0.4331164062023163,True,6,0.995060384273529,0.995060384273529,True,True
wifib|device=6|capture=23Jan|frame=2199|row=1723,6,51550,1723,0,3,6,0.5461437702178955,0.5461437702178955,True,6,0.9943891167640686,0.9943891167640686,True,True
wifib|device=6|capture=23Jan|frame=2204|row=1726,6,51553,1726,0,3,6,0.46397697925567627,0.46397697925567627,True,6,0.9899736642837524,0.9899736642837524,True,True
wifib|device=6|capture=23Jan|frame=2211|row=1733,6,51560,1733,0,3,6,0.46376073360443115,0.46376073360443115,True,6,0.97772216796875,0.97772216796875,True,True
wifib|device=6|capture=23Jan|frame=2212|row=1734,6,51561,1734,0,3,6,0.4041023552417755,0.4041023552417755,True,6,0.995810866355896,0.995810866355896,True,True
wifib|device=6|capture=23Jan|frame=2213|row=1735,6,51562,1735,0,3,6,0.4758346974849701,0.4758346974849701,True,6,0.9941714406013489,0.9941714406013489,True,True
wifib|device=6|capture=23Jan|frame=2220|row=1742,6,51569,1742,0,3,6,0.4279164969921112,0.4279164969921112,True,6,0.996021568775177,0.996021568775177,True,True
wifib|device=6|capture=23Jan|frame=2793|row=2229,6,52056,2229,1,3,6,0.6282142400741577,0.6282142400741577,True,6,0.9877106547355652,0.9877106547355652,True,True
wifib|device=6|capture=23Jan|frame=2796|row=2232,6,52059,2232,1,3,6,0.43186652660369873,0.43186652660369873,True,6,0.9803623557090759,0.9803623557090759,True,True
wifib|device=6|capture=23Jan|frame=2803|row=2239,6,52066,2239,1,3,6,0.44369810819625854,0.44369810819625854,True,6,0.9034786820411682,0.9034786820411682,True,True
wifib|device=6|capture=23Jan|frame=2804|row=2240,6,52067,2240,1,3,6,0.4266807734966278,0.4266807734966278,True,6,0.9922752976417542,0.9922752976417542,True,True
wifib|device=6|capture=23Jan|frame=2810|row=2246,6,52073,2246,1,3,6,0.5303211808204651,0.5303211808204651,True,6,0.8800315856933594,0.8800315856933594,True,True
wifib|device=6|capture=23Jan|frame=2816|row=2252,6,52079,2252,1,3,6,0.4256370961666107,0.4256370961666107,True,6,0.9938695430755615,0.9938695430755615,True,True
wifib|device=6|capture=23Jan|frame=2818|row=2254,6,52081,2254,1,3,6,0.44910329580307007,0.44910329580307007,True,6,0.9718001484870911,0.9718001484870911,True,True
wifib|device=6|capture=23Jan|frame=2819|row=2255,6,52082,2255,1,3,6,0.5075991749763489,0.5075991749763489,True,6,0.996084451675415,0.996084451675415,True,True
wifib|device=6|capture=23Jan|frame=2820|row=2256,6,52083,2256,1,3,6,0.42999666929244995,0.42999666929244995,True,6,0.9878831505775452,0.9878831505775452,True,True
wifib|device=6|capture=23Jan|frame=3425|row=2745,6,52572,2745,2,3,6,0.5335967540740967,0.5335967540740967,True,6,0.993707537651062,0.993707537651062,True,True
wifib|device=6|capture=23Jan|frame=3426|row=2746,6,52573,2746,2,3,6,0.47773003578186035,0.47773003578186035,True,6,0.9848461151123047,0.9848461151123047,True,True
wifib|device=6|capture=23Jan|frame=3439|row=2759,6,52586,2759,2,3,6,0.508239209651947,0.508239209651947,True,6,0.9785745143890381,0.9785745143890381,True,True
wifib|device=6|capture=23Jan|frame=3440|row=2760,6,52587,2760,2,3,6,0.45983898639678955,0.45983898639678955,True,6,0.9659367203712463,0.9659367203712463,True,True
wifib|device=6|capture=23Jan|frame=3447|row=2765,6,52592,2765,2,3,6,0.41071513295173645,0.41071513295173645,True,6,0.996529757976532,0.996529757976532,True,True
wifib|device=6|capture=23Jan|frame=3448|row=2766,6,52593,2766,2,3,6,0.5033143758773804,0.5033143758773804,True,6,0.9960676431655884,0.9960676431655884,True,True
wifib|device=6|capture=23Jan|frame=3452|row=2770,6,52597,2770,2,3,6,0.3875071406364441,0.3875071406364441,True,6,0.9375256299972534,0.9375256299972534,True,True
wifib|device=6|capture=23Jan|frame=3456|row=2774,6,52601,2774,2,3,6,0.46041205525398254,0.46041205525398254,True,6,0.9933429956436157,0.9933429956436157,True,True
wifib|device=7|capture=23Jan|frame=2135|row=1666,7,54720,1666,0,4,7,0.5635039210319519,0.5635039210319519,True,7,0.8393210172653198,0.8393210172653198,True,True
wifib|device=7|capture=23Jan|frame=2136|row=1667,7,54721,1667,0,4,7,0.5963525176048279,0.5963525176048279,True,7,0.9478399157524109,0.9478399157524109,True,True
wifib|device=7|capture=23Jan|frame=2140|row=1671,7,54725,1671,0,4,7,0.4879114627838135,0.4879114627838135,True,7,0.8759562373161316,0.8759562373161316,True,True
wifib|device=7|capture=23Jan|frame=2149|row=1674,7,54728,1674,0,4,7,0.4970625042915344,0.4970625042915344,True,7,0.9302406907081604,0.9302406907081604,True,True
wifib|device=7|capture=23Jan|frame=2153|row=1676,7,54730,1676,0,4,7,0.4151468873023987,0.4151468873023987,True,7,0.9400001168251038,0.9400001168251038,True,True
wifib|device=7|capture=23Jan|frame=2159|row=1680,7,54734,1680,0,4,7,0.4807108938694,0.4807108938694,True,7,0.9355804324150085,0.9355804324150085,True,True
wifib|device=7|capture=23Jan|frame=2160|row=1681,7,54735,1681,0,4,7,0.46363458037376404,0.46363458037376404,True,7,0.9574317336082458,0.9574317336082458,True,True
wifib|device=7|capture=23Jan|frame=2171|row=1690,7,54744,1690,0,4,7,0.49260708689689636,0.49260708689689636,True,7,0.9470689296722412,0.9470689296722412,True,True
wifib|device=7|capture=23Jan|frame=2786|row=2173,7,55227,2173,1,4,7,0.527760922908783,0.527760922908783,True,7,0.9653511643409729,0.9653511643409729,True,True
wifib|device=7|capture=23Jan|frame=2788|row=2175,7,55229,2175,1,4,7,0.47373437881469727,0.47373437881469727,True,7,0.857936441898346,0.857936441898346,True,True
wifib|device=7|capture=23Jan|frame=2792|row=2179,7,55233,2179,1,4,7,0.49261894822120667,0.49261894822120667,True,7,0.9437339901924133,0.9437339901924133,True,True
wifib|device=7|capture=23Jan|frame=2795|row=2182,7,55236,2182,1,4,7,0.6949594616889954,0.6949594616889954,True,7,0.9542702436447144,0.9542702436447144,True,True
wifib|device=7|capture=23Jan|frame=2798|row=2185,7,55239,2185,1,4,7,0.4722183048725128,0.4722183048725128,True,7,0.9409705996513367,0.9409705996513367,True,True
wifib|device=7|capture=23Jan|frame=2805|row=2192,7,55246,2192,1,4,7,0.6566749215126038,0.6566749215126038,True,7,0.9516065716743469,0.9516065716743469,True,True
wifib|device=7|capture=23Jan|frame=2806|row=2193,7,55247,2193,1,4,7,0.3767308294773102,0.3767308294773102,True,7,0.9395352005958557,0.9395352005958557,True,True
wifib|device=7|capture=23Jan|frame=2809|row=2196,7,55250,2196,1,4,7,0.3968914747238159,0.3968914747238159,True,7,0.9645791053771973,0.9645791053771973,True,True
wifib|device=7|capture=23Jan|frame=2810|row=2197,7,55251,2197,1,4,7,0.38906562328338623,0.38906562328338623,True,7,0.943547785282135,0.943547785282135,True,True
wifib|device=7|capture=23Jan|frame=3410|row=2673,7,55727,2673,2,4,7,0.7123570442199707,0.7123570442199707,True,7,0.9682229161262512,0.9682229161262512,True,True
wifib|device=7|capture=23Jan|frame=3413|row=2674,7,55728,2674,2,4,7,0.3928733170032501,0.3928733170032501,True,7,0.7954835295677185,0.7954835295677185,True,True
wifib|device=7|capture=23Jan|frame=3415|row=2676,7,55730,2676,2,4,7,0.492995947599411,0.492995947599411,True,7,0.9801121354103088,0.9801121354103088,True,True
wifib|device=7|capture=23Jan|frame=3416|row=2677,7,55731,2677,2,4,7,0.6583026051521301,0.6583026051521301,True,7,0.9462208151817322,0.9462208151817322,True,True
wifib|device=7|capture=23Jan|frame=3419|row=2680,7,55734,2680,2,4,7,0.4600827097892761,0.4600827097892761,True,7,0.8831626176834106,0.8831626176834106,True,True
wifib|device=7|capture=23Jan|frame=3434|row=2693,7,55747,2693,2,4,7,0.49768534302711487,0.49768534302711487,True,7,0.9606311917304993,0.9606311917304993,True,True
wifib|device=7|capture=23Jan|frame=3435|row=2694,7,55748,2694,2,4,7,0.6450323462486267,0.6450323462486267,True,7,0.9528374075889587,0.9528374075889587,True,True
wifib|device=7|capture=23Jan|frame=3441|row=2700,7,55754,2700,2,4,7,0.5452837944030762,0.5452837944030762,True,7,0.918281614780426,0.918281614780426,True,True
wifib|device=8|capture=23Jan|frame=2143|row=1705,8,57901,1705,0,5,8,0.8906936645507812,0.8906936645507812,True,8,0.9790278077125549,0.9790278077125549,True,True
wifib|device=8|capture=23Jan|frame=2147|row=1709,8,57905,1709,0,5,8,0.8665133118629456,0.8665133118629456,True,8,0.9558558464050293,0.9558558464050293,True,True
wifib|device=8|capture=23Jan|frame=2148|row=1710,8,57906,1710,0,5,8,0.8779513239860535,0.8779513239860535,True,8,0.9942686557769775,0.9942686557769775,True,True
wifib|device=8|capture=23Jan|frame=2149|row=1711,8,57907,1711,0,5,8,0.7904849648475647,0.7904849648475647,True,8,0.9870535731315613,0.9870535731315613,True,True
wifib|device=8|capture=23Jan|frame=2150|row=1712,8,57908,1712,0,5,8,0.8840227723121643,0.8840227723121643,True,8,0.9962723255157471,0.9962723255157471,True,True
wifib|device=8|capture=23Jan|frame=2165|row=1727,8,57923,1727,0,5,8,0.8334195613861084,0.8334195613861084,True,8,0.9827485680580139,0.9827485680580139,True,True
wifib|device=8|capture=23Jan|frame=2169|row=1731,8,57927,1731,0,5,8,0.754310667514801,0.754310667514801,True,8,0.9785232543945312,0.9785232543945312,True,True
wifib|device=8|capture=23Jan|frame=2170|row=1732,8,57928,1732,0,5,8,0.782443642616272,0.782443642616272,True,8,0.9578142166137695,0.9578142166137695,True,True
wifib|device=8|capture=23Jan|frame=2776|row=2221,8,58417,2221,1,5,8,0.840007483959198,0.840007483959198,True,8,0.987011730670929,0.987011730670929,True,True
wifib|device=8|capture=23Jan|frame=2777|row=2222,8,58418,2222,1,5,8,0.729854166507721,0.729854166507721,True,8,0.9517740607261658,0.9517740607261658,True,True
wifib|device=8|capture=23Jan|frame=2779|row=2224,8,58420,2224,1,5,8,0.828106701374054,0.828106701374054,True,8,0.9861310720443726,0.9861310720443726,True,True
wifib|device=8|capture=23Jan|frame=2781|row=2226,8,58422,2226,1,5,8,0.7681453824043274,0.7681453824043274,True,8,0.971332848072052,0.971332848072052,True,True
wifib|device=8|capture=23Jan|frame=2786|row=2231,8,58427,2231,1,5,8,0.782340943813324,0.782340943813324,True,8,0.9734653830528259,0.9734653830528259,True,True
wifib|device=8|capture=23Jan|frame=2794|row=2237,8,58433,2237,1,5,8,0.7962170243263245,0.7962170243263245,True,8,0.9523932933807373,0.9523932933807373,True,True
wifib|device=8|capture=23Jan|frame=2799|row=2242,8,58438,2242,1,5,8,0.8015906810760498,0.8015906810760498,True,8,0.9460575580596924,0.9460575580596924,True,True
wifib|device=8|capture=23Jan|frame=2803|row=2244,8,58440,2244,1,5,8,0.8014801740646362,0.8014801740646362,True,8,0.9246129393577576,0.9246129393577576,True,True
wifib|device=8|capture=23Jan|frame=2807|row=2248,8,58444,2248,1,5,8,0.5457454323768616,0.5457454323768616,True,8,0.7810407876968384,0.7810407876968384,True,True
wifib|device=8|capture=23Jan|frame=3382|row=2738,8,58934,2738,2,5,8,0.7781715393066406,0.7781715393066406,True,8,0.9831677079200745,0.9831677079200745,True,True
wifib|device=8|capture=23Jan|frame=3384|row=2740,8,58936,2740,2,5,8,0.7874327301979065,0.7874327301979065,True,8,0.9631808400154114,0.9631808400154114,True,True
wifib|device=8|capture=23Jan|frame=3391|row=2745,8,58941,2745,2,5,8,0.8026343584060669,0.8026343584060669,True,8,0.8895655274391174,0.8895655274391174,True,True
wifib|device=8|capture=23Jan|frame=3392|row=2746,8,58942,2746,2,5,8,0.7863937616348267,0.7863937616348267,True,8,0.9864658713340759,0.9864658713340759,True,True
wifib|device=8|capture=23Jan|frame=3394|row=2748,8,58944,2748,2,5,8,0.8656154870986938,0.8656154870986938,True,8,0.99379563331604,0.99379563331604,True,True
wifib|device=8|capture=23Jan|frame=3397|row=2751,8,58947,2751,2,5,8,0.6671152114868164,0.6671152114868164,True,8,0.9850986003875732,0.9850986003875732,True,True
wifib|device=8|capture=23Jan|frame=3402|row=2754,8,58950,2754,2,5,8,0.7165458798408508,0.7165458798408508,True,8,0.9877431392669678,0.9877431392669678,True,True
wifib|device=8|capture=23Jan|frame=3410|row=2762,8,58958,2762,2,5,8,0.8700850009918213,0.8700850009918213,True,8,0.9709494709968567,0.9709494709968567,True,True
wifib|device=10|capture=23Jan|frame=2080|row=1754,10,5256,1754,0,6,10,0.5725401639938354,0.5725401639938354,True,10,0.963424563407898,0.963424563407898,True,True
wifib|device=10|capture=23Jan|frame=2083|row=1757,10,5259,1757,0,6,10,0.630754292011261,0.630754292011261,True,10,0.9921155571937561,0.9921155571937561,True,True
wifib|device=10|capture=23Jan|frame=2085|row=1759,10,5261,1759,0,6,10,0.7964489459991455,0.7964489459991455,True,10,0.95061856508255,0.95061856508255,True,True
wifib|device=10|capture=23Jan|frame=2089|row=1761,10,5263,1761,0,6,10,0.6262103319168091,0.6262103319168091,True,10,0.9687396287918091,0.9687396287918091,True,True
wifib|device=10|capture=23Jan|frame=2094|row=1766,10,5268,1766,0,6,10,0.7076435089111328,0.7076435089111328,True,10,0.9944004416465759,0.9944004416465759,True,True
wifib|device=10|capture=23Jan|frame=2100|row=1770,10,5272,1770,0,6,10,0.7074745297431946,0.7074745297431946,True,10,0.9902071356773376,0.9902071356773376,True,True
wifib|device=10|capture=23Jan|frame=2101|row=1771,10,5273,1771,0,6,10,0.6051377654075623,0.6051377654075623,True,10,0.9561065435409546,0.9561065435409546,True,True
wifib|device=10|capture=23Jan|frame=2113|row=1781,10,5283,1781,0,6,10,0.40138185024261475,0.40138185024261475,True,10,0.9956790804862976,0.9956790804862976,True,True
wifib|device=10|capture=23Jan|frame=2731|row=2285,10,5787,2285,1,6,10,0.7353425025939941,0.7353425025939941,True,10,0.9915789365768433,0.9915789365768433,True,True
wifib|device=10|capture=23Jan|frame=2734|row=2288,10,5790,2288,1,6,10,0.7763751745223999,0.7763751745223999,True,10,0.9918172955513,0.9918172955513,True,True
wifib|device=10|capture=23Jan|frame=2740|row=2294,10,5796,2294,1,6,10,0.7960075736045837,0.7960075736045837,True,10,0.9497184753417969,0.9497184753417969,True,True
wifib|device=10|capture=23Jan|frame=2747|row=2299,10,5801,2299,1,6,10,0.8179699182510376,0.8179699182510376,True,10,0.9303050637245178,0.9303050637245178,True,True
wifib|device=10|capture=23Jan|frame=2758|row=2306,10,5808,2306,1,6,10,0.8593695759773254,0.8593695759773254,True,10,0.9670888781547546,0.9670888781547546,True,True
wifib|device=10|capture=23Jan|frame=2760|row=2308,10,5810,2308,1,6,10,0.825434684753418,0.825434684753418,True,10,0.9941755533218384,0.9941755533218384,True,True
wifib|device=10|capture=23Jan|frame=2762|row=2310,10,5812,2310,1,6,10,0.7284625172615051,0.7284625172615051,True,10,0.9925064444541931,0.9925064444541931,True,True
wifib|device=10|capture=23Jan|frame=2767|row=2313,10,5815,2313,1,6,10,0.7790224552154541,0.7790224552154541,True,10,0.9288637042045593,0.9288637042045593,True,True
wifib|device=10|capture=23Jan|frame=2769|row=2315,10,5817,2315,1,6,10,0.8266518712043762,0.8266518712043762,True,10,0.9106935858726501,0.9106935858726501,True,True
wifib|device=10|capture=23Jan|frame=3387|row=2814,10,6316,2814,2,6,10,0.9030745625495911,0.9030745625495911,True,10,0.7709157466888428,0.7709157466888428,True,True
wifib|device=10|capture=23Jan|frame=3390|row=2817,10,6319,2817,2,6,10,0.7293064594268799,0.7293064594268799,True,10,0.9941073656082153,0.9941073656082153,True,True
wifib|device=10|capture=23Jan|frame=3393|row=2818,10,6320,2818,2,6,10,0.7614413499832153,0.7614413499832153,True,10,0.9858967661857605,0.9858967661857605,True,True
wifib|device=10|capture=23Jan|frame=3394|row=2819,10,6321,2819,2,6,10,0.7293602824211121,0.7293602824211121,True,10,0.9718179106712341,0.9718179106712341,True,True
wifib|device=10|capture=23Jan|frame=3397|row=2822,10,6324,2822,2,6,10,0.7040630578994751,0.7040630578994751,True,10,0.6995171904563904,0.6995171904563904,True,True
wifib|device=10|capture=23Jan|frame=3404|row=2827,10,6329,2827,2,6,10,0.8142057657241821,0.8142057657241821,True,10,0.846417248249054,0.846417248249054,True,True
wifib|device=10|capture=23Jan|frame=3412|row=2831,10,6333,2831,2,6,10,0.8374205231666565,0.8374205231666565,True,10,0.9275497794151306,0.9275497794151306,True,True
wifib|device=10|capture=23Jan|frame=3413|row=2832,10,6334,2832,2,6,10,0.7970370650291443,0.7970370650291443,True,10,0.9716542363166809,0.9716542363166809,True,True
wifib|device=11|capture=23Jan|frame=3420|row=3012,11,9824,3012,2,7,11,0.449265718460083,0.449265718460083,True,11,0.9911072850227356,0.9911072850227356,True,True
wifib|device=11|capture=23Jan|frame=3421|row=3013,11,9825,3013,2,7,11,0.6272791028022766,0.6272791028022766,True,11,0.9917538166046143,0.9917538166046143,True,True
wifib|device=11|capture=23Jan|frame=3422|row=3014,11,9826,3014,2,7,11,0.530580461025238,0.530580461025238,True,11,0.9835187196731567,0.9835187196731567,True,True
wifib|device=11|capture=23Jan|frame=3423|row=3015,11,9827,3015,2,7,11,0.5180875658988953,0.5180875658988953,True,11,0.9742903709411621,0.9742903709411621,True,True
wifib|device=11|capture=23Jan|frame=3424|row=3016,11,9828,3016,2,7,11,0.40726274251937866,0.40726274251937866,True,11,0.993922770023346,0.993922770023346,True,True
wifib|device=11|capture=23Jan|frame=3425|row=3017,11,9829,3017,2,7,11,0.6824416518211365,0.6824416518211365,True,11,0.9913837909698486,0.9913837909698486,True,True
wifib|device=11|capture=23Jan|frame=3426|row=3018,11,9830,3018,2,7,11,0.5637751817703247,0.5637751817703247,True,11,0.9934794902801514,0.9934794902801514,True,True
wifib|device=11|capture=23Jan|frame=3427|row=3019,11,9831,3019,2,7,11,0.4876174032688141,0.4876174032688141,True,11,0.9899625182151794,0.9899625182151794,True,True
wifib|device=11|capture=23Jan|frame=3428|row=3020,11,9832,3020,2,7,11,0.49588969349861145,0.49588969349861145,True,11,0.9859499335289001,0.9859499335289001,True,True
wifib|device=11|capture=23Jan|frame=3429|row=3021,11,9833,3021,2,7,11,0.4346027374267578,0.4346027374267578,True,11,0.9874824285507202,0.9874824285507202,True,True
wifib|device=11|capture=23Jan|frame=3431|row=3023,11,9835,3023,2,7,11,0.4566563367843628,0.4566563367843628,True,11,0.98734450340271,0.98734450340271,True,True
wifib|device=11|capture=23Jan|frame=3432|row=3024,11,9836,3024,2,7,11,0.4518864154815674,0.4518864154815674,True,11,0.9372678399085999,0.9372678399085999,True,True
wifib|device=11|capture=23Jan|frame=3433|row=3025,11,9837,3025,2,7,11,0.598567545413971,0.598567545413971,True,11,0.991999089717865,0.991999089717865,True,True
wifib|device=11|capture=23Jan|frame=3434|row=3026,11,9838,3026,2,7,11,0.6516138315200806,0.6516138315200806,True,11,0.9924635887145996,0.9924635887145996,True,True
wifib|device=11|capture=23Jan|frame=3435|row=3027,11,9839,3027,2,7,11,0.49653497338294983,0.49653497338294983,True,11,0.9925658702850342,0.9925658702850342,True,True
wifib|device=11|capture=23Jan|frame=3436|row=3028,11,9840,3028,2,7,11,0.6819344758987427,0.6819344758987427,True,11,0.9934045672416687,0.9934045672416687,True,True
wifib|device=11|capture=23Jan|frame=3437|row=3029,11,9841,3029,2,7,11,0.5836575031280518,0.5836575031280518,True,11,0.9934974908828735,0.9934974908828735,True,True
wifib|device=11|capture=23Jan|frame=3438|row=3030,11,9842,3030,2,7,11,0.45971181988716125,0.45971181988716125,True,11,0.9904775619506836,0.9904775619506836,True,True
wifib|device=11|capture=23Jan|frame=3439|row=3031,11,9843,3031,2,7,11,0.6077740788459778,0.6077740788459778,True,11,0.9829843044281006,0.9829843044281006,True,True
wifib|device=11|capture=23Jan|frame=3440|row=3032,11,9844,3032,2,7,11,0.4695689082145691,0.4695689082145691,True,11,0.9910907745361328,0.9910907745361328,True,True
wifib|device=11|capture=23Jan|frame=3441|row=3033,11,9845,3033,2,7,11,0.4413360357284546,0.4413360357284546,True,11,0.9942334294319153,0.9942334294319153,True,True
wifib|device=11|capture=23Jan|frame=3452|row=3040,11,9852,3040,2,7,11,0.5308206677436829,0.5308206677436829,True,11,0.9894431829452515,0.9894431829452515,True,True
wifib|device=11|capture=23Jan|frame=3454|row=3042,11,9854,3042,2,7,11,0.45470452308654785,0.45470452308654785,True,11,0.9888955354690552,0.9888955354690552,True,True
wifib|device=11|capture=23Jan|frame=3455|row=3043,11,9855,3043,2,7,11,0.516550600528717,0.516550600528717,True,11,0.9907676577568054,0.9907676577568054,True,True
wifib|device=11|capture=23Jan|frame=3456|row=3044,11,9856,3044,2,7,11,0.48589324951171875,0.48589324951171875,True,11,0.9926517605781555,0.9926517605781555,True,True
wifib|device=12|capture=23Jan|frame=2117|row=1944,12,12299,1944,0,8,12,0.8837536573410034,0.8837536573410034,True,12,0.9944384098052979,0.9944384098052979,True,True
wifib|device=12|capture=23Jan|frame=2119|row=1946,12,12301,1946,0,8,12,0.9104317426681519,0.9104317426681519,True,12,0.9900796413421631,0.9900796413421631,True,True
wifib|device=12|capture=23Jan|frame=2120|row=1947,12,12302,1947,0,8,12,0.907484233379364,0.907484233379364,True,12,0.9938109517097473,0.9938109517097473,True,True
wifib|device=12|capture=23Jan|frame=2129|row=1956,12,12311,1956,0,8,12,0.8974313735961914,0.8974313735961914,True,12,0.9960111379623413,0.9960111379623413,True,True
wifib|device=12|capture=23Jan|frame=2130|row=1957,12,12312,1957,0,8,12,0.8973169326782227,0.8973169326782227,True,12,0.9967946410179138,0.9967946410179138,True,True
wifib|device=12|capture=23Jan|frame=2132|row=1959,12,12314,1959,0,8,12,0.8772484064102173,0.8772484064102173,True,12,0.9892260432243347,0.9892260432243347,True,True
wifib|device=12|capture=23Jan|frame=2133|row=1960,12,12315,1960,0,8,12,0.8590688705444336,0.8590688705444336,True,12,0.9903732538223267,0.9903732538223267,True,True
wifib|device=12|capture=23Jan|frame=2141|row=1968,12,12323,1968,0,8,12,0.8749294281005859,0.8749294281005859,True,12,0.9971551895141602,0.9971551895141602,True,True
wifib|device=12|capture=23Jan|frame=2771|row=2531,12,12886,2531,1,8,12,0.9150183200836182,0.9150183200836182,True,12,0.991853654384613,0.991853654384613,True,True
wifib|device=12|capture=23Jan|frame=2780|row=2538,12,12893,2538,1,8,12,0.908238410949707,0.908238410949707,True,12,0.995110809803009,0.995110809803009,True,True
wifib|device=12|capture=23Jan|frame=2789|row=2545,12,12900,2545,1,8,12,0.9008718729019165,0.9008718729019165,True,12,0.9913555979728699,0.9913555979728699,True,True
wifib|device=12|capture=23Jan|frame=2793|row=2549,12,12904,2549,1,8,12,0.9218726754188538,0.9218726754188538,True,12,0.9852902889251709,0.9852902889251709,True,True
wifib|device=12|capture=23Jan|frame=2794|row=2550,12,12905,2550,1,8,12,0.9063575863838196,0.9063575863838196,True,12,0.997683048248291,0.997683048248291,True,True
wifib|device=12|capture=23Jan|frame=2796|row=2552,12,12907,2552,1,8,12,0.8866767883300781,0.8866767883300781,True,12,0.9709861874580383,0.9709861874580383,True,True
wifib|device=12|capture=23Jan|frame=2797|row=2553,12,12908,2553,1,8,12,0.904756486415863,0.904756486415863,True,12,0.996415376663208,0.996415376663208,True,True
wifib|device=12|capture=23Jan|frame=2798|row=2554,12,12909,2554,1,8,12,0.8446229100227356,0.8446229100227356,True,12,0.9922885298728943,0.9922885298728943,True,True
wifib|device=12|capture=23Jan|frame=2808|row=2564,12,12919,2564,1,8,12,0.8656609058380127,0.8656609058380127,True,12,0.9872224926948547,0.9872224926948547,True,True
wifib|device=12|capture=23Jan|frame=3419|row=3118,12,13473,3118,2,8,12,0.909548819065094,0.909548819065094,True,12,0.9881942272186279,0.9881942272186279,True,True
wifib|device=12|capture=23Jan|frame=3430|row=3127,12,13482,3127,2,8,12,0.9280872941017151,0.9280872941017151,True,12,0.990180253982544,0.990180253982544,True,True
wifib|device=12|capture=23Jan|frame=3433|row=3130,12,13485,3130,2,8,12,0.9299221038818359,0.9299221038818359,True,12,0.9936822652816772,0.9936822652816772,True,True
wifib|device=12|capture=23Jan|frame=3444|row=3139,12,13494,3139,2,8,12,0.8788455724716187,0.8788455724716187,True,12,0.993615984916687,0.993615984916687,True,True
wifib|device=12|capture=23Jan|frame=3445|row=3140,12,13495,3140,2,8,12,0.8598834276199341,0.8598834276199341,True,12,0.9828885793685913,0.9828885793685913,True,True
wifib|device=12|capture=23Jan|frame=3446|row=3141,12,13496,3141,2,8,12,0.8147022128105164,0.8147022128105164,True,12,0.996392548084259,0.996392548084259,True,True
wifib|device=12|capture=23Jan|frame=3447|row=3142,12,13497,3142,2,8,12,0.886081337928772,0.886081337928772,True,12,0.9906443357467651,0.9906443357467651,True,True
wifib|device=12|capture=23Jan|frame=3453|row=3148,12,13503,3148,2,8,12,0.8934696912765503,0.8934696912765503,True,12,0.9940113425254822,0.9940113425254822,True,True
wifib|device=15|capture=23Jan|frame=2124|row=1844,15,15867,1844,0,9,15,0.9200960993766785,0.9200960993766785,True,15,0.9967302083969116,0.9967302083969116,True,True
wifib|device=15|capture=23Jan|frame=2138|row=1858,15,15881,1858,0,9,15,0.965217649936676,0.965217649936676,True,15,0.9967484474182129,0.9967484474182129,True,True
wifib|device=15|capture=23Jan|frame=2139|row=1859,15,15882,1859,0,9,15,0.922426164150238,0.922426164150238,True,15,0.9944381713867188,0.9944381713867188,True,True
wifib|device=15|capture=23Jan|frame=2140|row=1860,15,15883,1860,0,9,15,0.9140579700469971,0.9140579700469971,True,15,0.9941349625587463,0.9941349625587463,True,True
wifib|device=15|capture=23Jan|frame=2144|row=1864,15,15887,1864,0,9,15,0.936090350151062,0.936090350151062,True,15,0.9970532655715942,0.9970532655715942,True,True
wifib|device=15|capture=23Jan|frame=2145|row=1865,15,15888,1865,0,9,15,0.9398099184036255,0.9398099184036255,True,15,0.9956661462783813,0.9956661462783813,True,True
wifib|device=15|capture=23Jan|frame=2151|row=1869,15,15892,1869,0,9,15,0.9206783771514893,0.9206783771514893,True,15,0.9946634769439697,0.9946634769439697,True,True
wifib|device=15|capture=23Jan|frame=2159|row=1875,15,15898,1875,0,9,15,0.9653317928314209,0.9653317928314209,True,15,0.9949001669883728,0.9949001669883728,True,True
wifib|device=15|capture=23Jan|frame=2771|row=2405,15,16428,2405,1,9,15,0.9187816381454468,0.9187816381454468,True,15,0.9983932375907898,0.9983932375907898,True,True
wifib|device=15|capture=23Jan|frame=2775|row=2409,15,16432,2409,1,9,15,0.9159561991691589,0.9159561991691589,True,15,0.9941884279251099,0.9941884279251099,True,True
wifib|device=15|capture=23Jan|frame=2782|row=2416,15,16439,2416,1,9,15,0.9164028763771057,0.9164028763771057,True,15,0.9975236058235168,0.9975236058235168,True,True
wifib|device=15|capture=23Jan|frame=2785|row=2419,15,16442,2419,1,9,15,0.7701681852340698,0.7701681852340698,True,15,0.9813124537467957,0.9813124537467957,True,True
wifib|device=15|capture=23Jan|frame=2789|row=2423,15,16446,2423,1,9,15,0.9446783661842346,0.9446783661842346,True,15,0.9977236390113831,0.9977236390113831,True,True
wifib|device=15|capture=23Jan|frame=2794|row=2428,15,16451,2428,1,9,15,0.907035768032074,0.907035768032074,True,15,0.9969891905784607,0.9969891905784607,True,True
wifib|device=15|capture=23Jan|frame=2795|row=2429,15,16452,2429,1,9,15,0.913798987865448,0.913798987865448,True,15,0.9921397566795349,0.9921397566795349,True,True
wifib|device=15|capture=23Jan|frame=2799|row=2433,15,16456,2433,1,9,15,0.9430645108222961,0.9430645108222961,True,15,0.993981659412384,0.993981659412384,True,True
wifib|device=15|capture=23Jan|frame=2800|row=2434,15,16457,2434,1,9,15,0.9211822748184204,0.9211822748184204,True,15,0.9929643869400024,0.9929643869400024,True,True
wifib|device=15|capture=23Jan|frame=3390|row=2960,15,16983,2960,2,9,15,0.9327649474143982,0.9327649474143982,True,15,0.9963605999946594,0.9963605999946594,True,True
wifib|device=15|capture=23Jan|frame=3400|row=2968,15,16991,2968,2,9,15,0.9504314661026001,0.9504314661026001,True,15,0.9948122501373291,0.9948122501373291,True,True
wifib|device=15|capture=23Jan|frame=3417|row=2981,15,17004,2981,2,9,15,0.8777593374252319,0.8777593374252319,True,15,0.9937164187431335,0.9937164187431335,True,True
wifib|device=15|capture=23Jan|frame=3420|row=2984,15,17007,2984,2,9,15,0.9689978957176208,0.9689978957176208,True,15,0.997473418712616,0.997473418712616,True,True
wifib|device=15|capture=23Jan|frame=3421|row=2985,15,17008,2985,2,9,15,0.9497172236442566,0.9497172236442566,True,15,0.9961485862731934,0.9961485862731934,True,True
wifib|device=15|capture=23Jan|frame=3422|row=2986,15,17009,2986,2,9,15,0.9061184525489807,0.9061184525489807,True,15,0.9920028448104858,0.9920028448104858,True,True
wifib|device=15|capture=23Jan|frame=3424|row=2988,15,17011,2988,2,9,15,0.9048048853874207,0.9048048853874207,True,15,0.9955103397369385,0.9955103397369385,True,True
wifib|device=15|capture=23Jan|frame=3425|row=2989,15,17012,2989,2,9,15,0.9673741459846497,0.9673741459846497,True,15,0.9961528182029724,0.9961528182029724,True,True
wifib|device=28|capture=23Jan|frame=2133|row=1939,28,19440,1939,0,10,28,0.8571203947067261,0.8571203947067261,True,28,0.9961696267127991,0.9961696267127991,True,True
wifib|device=28|capture=23Jan|frame=2139|row=1945,28,19446,1945,0,10,28,0.8164726495742798,0.8164726495742798,True,28,0.9961944818496704,0.9961944818496704,True,True
wifib|device=28|capture=23Jan|frame=2140|row=1946,28,19447,1946,0,10,28,0.8775387406349182,0.8775387406349182,True,28,0.9937323927879333,0.9937323927879333,True,True
wifib|device=28|capture=23Jan|frame=2145|row=1951,28,19452,1951,0,10,28,0.7824654579162598,0.7824654579162598,True,28,0.975042998790741,0.975042998790741,True,True
wifib|device=28|capture=23Jan|frame=2161|row=1963,28,19464,1963,0,10,28,0.8687383532524109,0.8687383532524109,True,28,0.9978127479553223,0.9978127479553223,True,True
wifib|device=28|capture=23Jan|frame=2162|row=1964,28,19465,1964,0,10,28,0.7712700366973877,0.7712700366973877,True,28,0.9927181005477905,0.9927181005477905,True,True
wifib|device=28|capture=23Jan|frame=2166|row=1968,28,19469,1968,0,10,28,0.8749339580535889,0.8749339580535889,True,28,0.9749208688735962,0.9749208688735962,True,True
wifib|device=28|capture=23Jan|frame=2172|row=1974,28,19475,1974,0,10,28,0.7075070142745972,0.7075070142745972,True,28,0.9967526197433472,0.9967526197433472,True,True
wifib|device=28|capture=23Jan|frame=2768|row=2526,28,20027,2526,1,10,28,0.8887401819229126,0.8887401819229126,True,28,0.9941655397415161,0.9941655397415161,True,True
wifib|device=28|capture=23Jan|frame=2771|row=2529,28,20030,2529,1,10,28,0.8973779082298279,0.8973779082298279,True,28,0.9964744448661804,0.9964744448661804,True,True
wifib|device=28|capture=23Jan|frame=2772|row=2530,28,20031,2530,1,10,28,0.89296555519104,0.89296555519104,True,28,0.9957597851753235,0.9957597851753235,True,True
wifib|device=28|capture=23Jan|frame=2779|row=2537,28,20038,2537,1,10,28,0.8804796934127808,0.8804796934127808,True,28,0.9967687129974365,0.9967687129974365,True,True
wifib|device=28|capture=23Jan|frame=2784|row=2540,28,20041,2540,1,10,28,0.847341001033783,0.847341001033783,True,28,0.9782204031944275,0.9782204031944275,True,True
wifib|device=28|capture=23Jan|frame=2786|row=2542,28,20043,2542,1,10,28,0.8760836720466614,0.8760836720466614,True,28,0.9948379397392273,0.9948379397392273,True,True
wifib|device=28|capture=23Jan|frame=2796|row=2552,28,20053,2552,1,10,28,0.8862897753715515,0.8862897753715515,True,28,0.9876745343208313,0.9876745343208313,True,True
wifib|device=28|capture=23Jan|frame=2798|row=2554,28,20055,2554,1,10,28,0.9194163084030151,0.9194163084030151,True,28,0.9649407267570496,0.9649407267570496,True,True
wifib|device=28|capture=23Jan|frame=2800|row=2556,28,20057,2556,1,10,28,0.8197231292724609,0.8197231292724609,True,28,0.9942922592163086,0.9942922592163086,True,True
wifib|device=28|capture=23Jan|frame=3402|row=3115,28,20616,3115,2,10,28,0.898478627204895,0.898478627204895,True,28,0.9900144338607788,0.9900144338607788,True,True
wifib|device=28|capture=23Jan|frame=3410|row=3123,28,20624,3123,2,10,28,0.8710611462593079,0.8710611462593079,True,28,0.9976301193237305,0.9976301193237305,True,True
wifib|device=28|capture=23Jan|frame=3415|row=3126,28,20627,3126,2,10,28,0.8412789702415466,0.8412789702415466,True,28,0.9830789566040039,0.9830789566040039,True,True
wifib|device=28|capture=23Jan|frame=3416|row=3127,28,20628,3127,2,10,28,0.9285968542098999,0.9285968542098999,True,28,0.9838463068008423,0.9838463068008423,True,True
wifib|device=28|capture=23Jan|frame=3419|row=3130,28,20631,3130,2,10,28,0.9104481339454651,0.9104481339454651,True,28,0.9876073002815247,0.9876073002815247,True,True
wifib|device=28|capture=23Jan|frame=3421|row=3132,28,20633,3132,2,10,28,0.9307109713554382,0.9307109713554382,True,28,0.9900885224342346,0.9900885224342346,True,True
wifib|device=28|capture=23Jan|frame=3422|row=3133,28,20634,3133,2,10,28,0.9141550660133362,0.9141550660133362,True,28,0.9948431253433228,0.9948431253433228,True,True
wifib|device=28|capture=23Jan|frame=3425|row=3136,28,20637,3136,2,10,28,0.8930660486221313,0.8930660486221313,True,28,0.9983715415000916,0.9983715415000916,True,True
wifib|device=30|capture=23Jan|frame=2149|row=1684,30,22844,1684,0,11,30,0.5048887729644775,0.5048887729644775,True,30,0.9637641310691833,0.9637641310691833,True,True
wifib|device=30|capture=23Jan|frame=2151|row=1686,30,22846,1686,0,11,30,0.6977450251579285,0.6977450251579285,True,30,0.6885727643966675,0.6885727643966675,True,True
wifib|device=30|capture=23Jan|frame=2153|row=1688,30,22848,1688,0,11,30,0.6520805954933167,0.6520805954933167,True,30,0.743739664554596,0.743739664554596,True,True
wifib|device=30|capture=23Jan|frame=2154|row=1689,30,22849,1689,0,11,30,0.6166243553161621,0.6166243553161621,True,30,0.9442088007926941,0.9442088007926941,True,True
wifib|device=30|capture=23Jan|frame=2157|row=1692,30,22852,1692,0,11,30,0.4931318163871765,0.4931318163871765,True,30,0.9864800572395325,0.9864800572395325,True,True
wifib|device=30|capture=23Jan|frame=2158|row=1693,30,22853,1693,0,11,30,0.7009278535842896,0.7009278535842896,True,30,0.8992475867271423,0.8992475867271423,True,True
wifib|device=30|capture=23Jan|frame=2160|row=1695,30,22855,1695,0,11,30,0.6503627300262451,0.6503627300262451,True,30,0.7295445203781128,0.7295445203781128,True,True
wifib|device=30|capture=23Jan|frame=2169|row=1700,30,22860,1700,0,11,30,0.710536003112793,0.710536003112793,True,30,0.9509732127189636,0.9509732127189636,True,True
wifib|device=30|capture=23Jan|frame=2747|row=2177,30,23337,2177,1,11,30,0.7001721262931824,0.7001721262931824,True,30,0.9758126735687256,0.9758126735687256,True,True
wifib|device=30|capture=23Jan|frame=2748|row=2178,30,23338,2178,1,11,30,0.6532836556434631,0.6532836556434631,True,30,0.9779874086380005,0.9779874086380005,True,True
wifib|device=30|capture=23Jan|frame=2753|row=2179,30,23339,2179,1,11,30,0.7749216556549072,0.7749216556549072,True,30,0.9930639863014221,0.9930639863014221,True,True
wifib|device=30|capture=23Jan|frame=2759|row=2183,30,23343,2183,1,11,30,0.5455679297447205,0.5455679297447205,True,30,0.7529144287109375,0.7529144287109375,True,True
wifib|device=30|capture=23Jan|frame=2760|row=2184,30,23344,2184,1,11,30,0.5509694814682007,0.5509694814682007,True,30,0.9622923135757446,0.9622923135757446,True,True
wifib|device=30|capture=23Jan|frame=2763|row=2187,30,23347,2187,1,11,30,0.6174786686897278,0.6174786686897278,True,30,0.8959116339683533,0.8959116339683533,True,True
wifib|device=30|capture=23Jan|frame=2767|row=2191,30,23351,2191,1,11,30,0.8667853474617004,0.8667853474617004,True,30,0.9785168766975403,0.9785168766975403,True,True
wifib|device=30|capture=23Jan|frame=2775|row=2199,30,23359,2199,1,11,30,0.5044379830360413,0.5044379830360413,True,30,0.8256725072860718,0.8256725072860718,True,True
wifib|device=30|capture=23Jan|frame=2776|row=2200,30,23360,2200,1,11,30,0.6114333271980286,0.6114333271980286,True,30,0.9091746211051941,0.9091746211051941,True,True
wifib|device=30|capture=23Jan|frame=3402|row=2685,30,23845,2685,2,11,30,0.6242436766624451,0.6242436766624451,True,30,0.9817905426025391,0.9817905426025391,True,True
wifib|device=30|capture=23Jan|frame=3406|row=2689,30,23849,2689,2,11,30,0.7100920677185059,0.7100920677185059,True,30,0.9815050959587097,0.9815050959587097,True,True
wifib|device=30|capture=23Jan|frame=3410|row=2691,30,23851,2691,2,11,30,0.7606585621833801,0.7606585621833801,True,30,0.9759392738342285,0.9759392738342285,True,True
wifib|device=30|capture=23Jan|frame=3413|row=2692,30,23852,2692,2,11,30,0.7570032477378845,0.7570032477378845,True,30,0.9886067509651184,0.9886067509651184,True,True
wifib|device=30|capture=23Jan|frame=3415|row=2694,30,23854,2694,2,11,30,0.6242144107818604,0.6242144107818604,True,30,0.9777604937553406,0.9777604937553406,True,True
wifib|device=30|capture=23Jan|frame=3421|row=2700,30,23860,2700,2,11,30,0.6423211097717285,0.6423211097717285,True,30,0.8624207377433777,0.8624207377433777,True,True
wifib|device=30|capture=23Jan|frame=3430|row=2706,30,23866,2706,2,11,30,0.618688702583313,0.618688702583313,True,30,0.9404345154762268,0.9404345154762268,True,True
wifib|device=30|capture=23Jan|frame=3432|row=2708,30,23868,2708,2,11,30,0.8562058210372925,0.8562058210372925,True,30,0.9741747379302979,0.9741747379302979,True,True
wifib|device=31|capture=23Jan|frame=2150|row=1959,31,26272,1959,0,12,31,0.6919692158699036,0.6919692158699036,True,31,0.9607603549957275,0.9607603549957275,True,True
wifib|device=31|capture=23Jan|frame=2151|row=1960,31,26273,1960,0,12,31,0.7686506509780884,0.7686506509780884,True,31,0.9950125813484192,0.9950125813484192,True,True
wifib|device=31|capture=23Jan|frame=2158|row=1967,31,26280,1967,0,12,31,0.5091383457183838,0.5091383457183838,True,31,0.9855645298957825,0.9855645298957825,True,True
wifib|device=31|capture=23Jan|frame=2159|row=1968,31,26281,1968,0,12,31,0.5050811767578125,0.5050811767578125,True,31,0.9819120168685913,0.9819120168685913,True,True
wifib|device=31|capture=23Jan|frame=2163|row=1970,31,26283,1970,0,12,31,0.6934674382209778,0.6934674382209778,True,31,0.9533071517944336,0.9533071517944336,True,True
wifib|device=31|capture=23Jan|frame=2171|row=1978,31,26291,1978,0,12,31,0.5582719445228577,0.5582719445228577,True,31,0.9708540439605713,0.9708540439605713,True,True
wifib|device=31|capture=23Jan|frame=2172|row=1979,31,26292,1979,0,12,31,0.4298664331436157,0.4298664331436157,True,31,0.9941704869270325,0.9941704869270325,True,True
wifib|device=31|capture=23Jan|frame=2189|row=1993,31,26306,1993,0,12,31,0.7278256416320801,0.7278256416320801,True,31,0.9966018199920654,0.9966018199920654,True,True
wifib|device=31|capture=23Jan|frame=2784|row=2551,31,26864,2551,1,12,31,0.6555334329605103,0.6555334329605103,True,31,0.9943541288375854,0.9943541288375854,True,True
wifib|device=31|capture=23Jan|frame=2785|row=2552,31,26865,2552,1,12,31,0.7754467725753784,0.7754467725753784,True,31,0.9772751927375793,0.9772751927375793,True,True
wifib|device=31|capture=23Jan|frame=2788|row=2555,31,26868,2555,1,12,31,0.4797545373439789,0.4797545373439789,True,31,0.9722550511360168,0.9722550511360168,True,True
wifib|device=31|capture=23Jan|frame=2804|row=2569,31,26882,2569,1,12,31,0.7149397134780884,0.7149397134780884,True,31,0.9822527170181274,0.9822527170181274,True,True
wifib|device=31|capture=23Jan|frame=2809|row=2574,31,26887,2574,1,12,31,0.6774153113365173,0.6774153113365173,True,31,0.9937454462051392,0.9937454462051392,True,True
wifib|device=31|capture=23Jan|frame=2812|row=2577,31,26890,2577,1,12,31,0.7334154844284058,0.7334154844284058,True,31,0.9882133603096008,0.9882133603096008,True,True
wifib|device=31|capture=23Jan|frame=2814|row=2579,31,26892,2579,1,12,31,0.5383151769638062,0.5383151769638062,True,31,0.9821927547454834,0.9821927547454834,True,True
wifib|device=31|capture=23Jan|frame=2816|row=2581,31,26894,2581,1,12,31,0.6891497373580933,0.6891497373580933,True,31,0.9961689114570618,0.9961689114570618,True,True
wifib|device=31|capture=23Jan|frame=2817|row=2582,31,26895,2582,1,12,31,0.8177047967910767,0.8177047967910767,True,31,0.995063841342926,0.995063841342926,True,True
wifib|device=31|capture=23Jan|frame=3409|row=3142,31,27455,3142,2,12,31,0.42383089661598206,0.42383089661598206,True,31,0.9837777614593506,0.9837777614593506,True,True
wifib|device=31|capture=23Jan|frame=3410|row=3143,31,27456,3143,2,12,31,0.7646734118461609,0.7646734118461609,True,31,0.9872587323188782,0.9872587323188782,True,True
wifib|device=31|capture=23Jan|frame=3416|row=3149,31,27462,3149,2,12,31,0.6681194305419922,0.6681194305419922,True,31,0.9904142022132874,0.9904142022132874,True,True
wifib|device=31|capture=23Jan|frame=3418|row=3151,31,27464,3151,2,12,31,0.5377274751663208,0.5377274751663208,True,31,0.9834306240081787,0.9834306240081787,True,True
wifib|device=31|capture=23Jan|frame=3419|row=3152,31,27465,3152,2,12,31,0.6629315614700317,0.6629315614700317,True,31,0.9965301156044006,0.9965301156044006,True,True
wifib|device=31|capture=23Jan|frame=3425|row=3158,31,27471,3158,2,12,31,0.8220514059066772,0.8220514059066772,True,31,0.9056849479675293,0.9056849479675293,True,True
wifib|device=31|capture=23Jan|frame=3427|row=3160,31,27473,3160,2,12,31,0.5269395112991333,0.5269395112991333,True,31,0.9917879700660706,0.9917879700660706,True,True
wifib|device=31|capture=23Jan|frame=3439|row=3170,31,27483,3170,2,12,31,0.5663776397705078,0.5663776397705078,True,31,0.9863648414611816,0.9863648414611816,True,True
wifib|device=40|capture=23Jan|frame=2141|row=1904,40,33550,1904,0,13,40,0.7633489966392517,0.7633489966392517,True,40,0.9955039620399475,0.9955039620399475,True,True
wifib|device=40|capture=23Jan|frame=2154|row=1915,40,33561,1915,0,13,40,0.7876243591308594,0.7876243591308594,True,40,0.9975872039794922,0.9975872039794922,True,True
wifib|device=40|capture=23Jan|frame=2156|row=1917,40,33563,1917,0,13,40,0.7439127564430237,0.7439127564430237,True,40,0.993502676486969,0.993502676486969,True,True
wifib|device=40|capture=23Jan|frame=2170|row=1929,40,33575,1929,0,13,40,0.630062997341156,0.630062997341156,True,40,0.9948523640632629,0.9948523640632629,True,True
wifib|device=40|capture=23Jan|frame=2171|row=1930,40,33576,1930,0,13,40,0.7480666041374207,0.7480666041374207,True,40,0.9953174591064453,0.9953174591064453,True,True
wifib|device=40|capture=23Jan|frame=2173|row=1932,40,33578,1932,0,13,40,0.8955392241477966,0.8955392241477966,True,40,0.9972238540649414,0.9972238540649414,True,True
wifib|device=40|capture=23Jan|frame=2176|row=1935,40,33581,1935,0,13,40,0.7674488425254822,0.7674488425254822,True,40,0.9956653714179993,0.9956653714179993,True,True
wifib|device=40|capture=23Jan|frame=2177|row=1936,40,33582,1936,0,13,40,0.8379890322685242,0.8379890322685242,True,40,0.992918074131012,0.992918074131012,True,True
wifib|device=40|capture=23Jan|frame=2767|row=2475,40,34121,2475,1,13,40,0.5991401076316833,0.5991401076316833,True,40,0.9924989342689514,0.9924989342689514,True,True
wifib|device=40|capture=23Jan|frame=2770|row=2478,40,34124,2478,1,13,40,0.7518647313117981,0.7518647313117981,True,40,0.9979901313781738,0.9979901313781738,True,True
wifib|device=40|capture=23Jan|frame=2774|row=2482,40,34128,2482,1,13,40,0.7669872045516968,0.7669872045516968,True,40,0.9976304769515991,0.9976304769515991,True,True
wifib|device=40|capture=23Jan|frame=2777|row=2485,40,34131,2485,1,13,40,0.6635965704917908,0.6635965704917908,True,40,0.9969424605369568,0.9969424605369568,True,True
wifib|device=40|capture=23Jan|frame=2792|row=2496,40,34142,2496,1,13,40,0.76793372631073,0.76793372631073,True,40,0.9965277314186096,0.9965277314186096,True,True
wifib|device=40|capture=23Jan|frame=2794|row=2498,40,34144,2498,1,13,40,0.7173028588294983,0.7173028588294983,True,40,0.993067741394043,0.993067741394043,True,True
wifib|device=40|capture=23Jan|frame=2801|row=2503,40,34149,2503,1,13,40,0.7649401426315308,0.7649401426315308,True,40,0.9143162965774536,0.9143162965774536,True,True
wifib|device=40|capture=23Jan|frame=2802|row=2504,40,34150,2504,1,13,40,0.7516211867332458,0.7516211867332458,True,40,0.9985248446464539,0.9985248446464539,True,True
wifib|device=40|capture=23Jan|frame=2803|row=2505,40,34151,2505,1,13,40,0.8405882716178894,0.8405882716178894,True,40,0.9878863096237183,0.9878863096237183,True,True
wifib|device=40|capture=23Jan|frame=3402|row=3049,40,34695,3049,2,13,40,0.7447222471237183,0.7447222471237183,True,40,0.9959047436714172,0.9959047436714172,True,True
wifib|device=40|capture=23Jan|frame=3411|row=3056,40,34702,3056,2,13,40,0.7792947292327881,0.7792947292327881,True,40,0.9959231615066528,0.9959231615066528,True,True
wifib|device=40|capture=23Jan|frame=3412|row=3057,40,34703,3057,2,13,40,0.8439255356788635,0.8439255356788635,True,40,0.9944204688072205,0.9944204688072205,True,True
wifib|device=40|capture=23Jan|frame=3418|row=3063,40,34709,3063,2,13,40,0.4819680154323578,0.4819680154323578,True,40,0.9968574047088623,0.9968574047088623,True,True
wifib|device=40|capture=23Jan|frame=3422|row=3065,40,34711,3065,2,13,40,0.7341406941413879,0.7341406941413879,True,40,0.9932097792625427,0.9932097792625427,True,True
wifib|device=40|capture=23Jan|frame=3434|row=3075,40,34721,3075,2,13,40,0.8364063501358032,0.8364063501358032,True,40,0.9879022836685181,0.9879022836685181,True,True
wifib|device=40|capture=23Jan|frame=3439|row=3080,40,34726,3080,2,13,40,0.714469313621521,0.714469313621521,True,40,0.9941726326942444,0.9941726326942444,True,True
wifib|device=40|capture=23Jan|frame=3442|row=3083,40,34729,3083,2,13,40,0.8485788106918335,0.8485788106918335,True,40,0.9907696843147278,0.9907696843147278,True,True
wifib|device=41|capture=23Jan|frame=2143|row=1964,41,37197,1964,0,14,41,0.7555693984031677,0.7555693984031677,True,41,0.8834385871887207,0.8834385871887207,True,True
wifib|device=41|capture=23Jan|frame=2144|row=1965,41,37198,1965,0,14,41,0.6381564140319824,0.6381564140319824,True,41,0.9725593328475952,0.9725593328475952,True,True
wifib|device=41|capture=23Jan|frame=2145|row=1966,41,37199,1966,0,14,41,0.8251127600669861,0.8251127600669861,True,41,0.8911517262458801,0.8911517262458801,True,True
wifib|device=41|capture=23Jan|frame=2149|row=1970,41,37203,1970,0,14,41,0.6176978349685669,0.6176978349685669,True,41,0.9788525700569153,0.9788525700569153,True,True
wifib|device=41|capture=23Jan|frame=2162|row=1983,41,37216,1983,0,14,41,0.702628493309021,0.702628493309021,True,41,0.9680508375167847,0.9680508375167847,True,True
wifib|device=41|capture=23Jan|frame=2163|row=1984,41,37217,1984,0,14,41,0.818656861782074,0.818656861782074,True,41,0.9285212159156799,0.9285212159156799,True,True
wifib|device=41|capture=23Jan|frame=2168|row=1989,41,37222,1989,0,14,41,0.8159517049789429,0.8159517049789429,True,41,0.9521681666374207,0.9521681666374207,True,True
wifib|device=41|capture=23Jan|frame=2173|row=1994,41,37227,1994,0,14,41,0.7646737098693848,0.7646737098693848,True,41,0.9754905700683594,0.9754905700683594,True,True
wifib|device=41|capture=23Jan|frame=2778|row=2561,41,37794,2561,1,14,41,0.5444991588592529,0.5444991588592529,True,41,0.8764873743057251,0.8764873743057251,True,True
wifib|device=41|capture=23Jan|frame=2781|row=2564,41,37797,2564,1,14,41,0.7673200964927673,0.7673200964927673,True,41,0.9680957794189453,0.9680957794189453,True,True
wifib|device=41|capture=23Jan|frame=2783|row=2566,41,37799,2566,1,14,41,0.7318193316459656,0.7318193316459656,True,41,0.982956051826477,0.982956051826477,True,True
wifib|device=41|capture=23Jan|frame=2791|row=2572,41,37805,2572,1,14,41,0.8878816366195679,0.8878816366195679,True,41,0.9902603030204773,0.9902603030204773,True,True
wifib|device=41|capture=23Jan|frame=2795|row=2576,41,37809,2576,1,14,41,0.5925792455673218,0.5925792455673218,True,41,0.903984010219574,0.903984010219574,True,True
wifib|device=41|capture=23Jan|frame=2802|row=2583,41,37816,2583,1,14,41,0.8008861541748047,0.8008861541748047,True,41,0.8681581616401672,0.8681581616401672,True,True
wifib|device=41|capture=23Jan|frame=2803|row=2584,41,37817,2584,1,14,41,0.4825717806816101,0.4825717806816101,True,41,0.9269529581069946,0.9269529581069946,True,True
wifib|device=41|capture=23Jan|frame=2806|row=2587,41,37820,2587,1,14,41,0.8369394540786743,0.8369394540786743,True,41,0.8452759981155396,0.8452759981155396,True,True
wifib|device=41|capture=23Jan|frame=2807|row=2588,41,37821,2588,1,14,41,0.6551172137260437,0.6551172137260437,True,41,0.8684267401695251,0.8684267401695251,True,True
wifib|device=41|capture=23Jan|frame=3408|row=3151,41,38384,3151,2,14,41,0.6678339838981628,0.6678339838981628,True,41,0.8579214811325073,0.8579214811325073,True,True
wifib|device=41|capture=23Jan|frame=3417|row=3160,41,38393,3160,2,14,41,0.5856466889381409,0.5856466889381409,True,41,0.9106946587562561,0.9106946587562561,True,True
wifib|device=41|capture=23Jan|frame=3418|row=3161,41,38394,3161,2,14,41,0.7161138653755188,0.7161138653755188,True,41,0.9122743606567383,0.9122743606567383,True,True
wifib|device=41|capture=23Jan|frame=3419|row=3162,41,38395,3162,2,14,41,0.6966642141342163,0.6966642141342163,True,41,0.9822006225585938,0.9822006225585938,True,True
wifib|device=41|capture=23Jan|frame=3421|row=3164,41,38397,3164,2,14,41,0.5580177903175354,0.5580177903175354,True,41,0.8379873633384705,0.8379873633384705,True,True
wifib|device=41|capture=23Jan|frame=3423|row=3166,41,38399,3166,2,14,41,0.6410197019577026,0.6410197019577026,True,41,0.8444528579711914,0.8444528579711914,True,True
wifib|device=41|capture=23Jan|frame=3431|row=3172,41,38405,3172,2,14,41,0.5301360487937927,0.5301360487937927,True,41,0.9505583643913269,0.9505583643913269,True,True
wifib|device=41|capture=23Jan|frame=3440|row=3179,41,38412,3179,2,14,41,0.5412507653236389,0.5412507653236389,True,41,0.7842886447906494,0.7842886447906494,True,True
wifib|device=43|capture=23Jan|frame=2154|row=1950,43,40886,1950,0,15,43,0.9527132511138916,0.9527132511138916,True,43,0.9984124898910522,0.9984124898910522,True,True
wifib|device=43|capture=23Jan|frame=2158|row=1954,43,40890,1954,0,15,43,0.9571561217308044,0.9571561217308044,True,43,0.9980158805847168,0.9980158805847168,True,True
wifib|device=43|capture=23Jan|frame=2163|row=1959,43,40895,1959,0,15,43,0.9581316113471985,0.9581316113471985,True,43,0.9986910223960876,0.9986910223960876,True,True
wifib|device=43|capture=23Jan|frame=2168|row=1964,43,40900,1964,0,15,43,0.9433700442314148,0.9433700442314148,True,43,0.9985945820808411,0.9985945820808411,True,True
wifib|device=43|capture=23Jan|frame=2172|row=1968,43,40904,1968,0,15,43,0.9412246346473694,0.9412246346473694,True,43,0.9971428513526917,0.9971428513526917,True,True
wifib|device=43|capture=23Jan|frame=2176|row=1972,43,40908,1972,0,15,43,0.9801301956176758,0.9801301956176758,True,43,0.9977009892463684,0.9977009892463684,True,True
wifib|device=43|capture=23Jan|frame=2178|row=1974,43,40910,1974,0,15,43,0.9539493322372437,0.9539493322372437,True,43,0.9986885190010071,0.9986885190010071,True,True
wifib|device=43|capture=23Jan|frame=2183|row=1979,43,40915,1979,0,15,43,0.9576942920684814,0.9576942920684814,True,43,0.9983869791030884,0.9983869791030884,True,True
wifib|device=43|capture=23Jan|frame=2781|row=2534,43,41470,2534,1,15,43,0.9820922613143921,0.9820922613143921,True,43,0.9986677169799805,0.9986677169799805,True,True
wifib|device=43|capture=23Jan|frame=2796|row=2547,43,41483,2547,1,15,43,0.8801886439323425,0.8801886439323425,True,43,0.9968286156654358,0.9968286156654358,True,True
wifib|device=43|capture=23Jan|frame=2797|row=2548,43,41484,2548,1,15,43,0.9714055061340332,0.9714055061340332,True,43,0.9986943602561951,0.9986943602561951,True,True
wifib|device=43|capture=23Jan|frame=2801|row=2552,43,41488,2552,1,15,43,0.9555947184562683,0.9555947184562683,True,43,0.9987334609031677,0.9987334609031677,True,True
wifib|device=43|capture=23Jan|frame=2802|row=2553,43,41489,2553,1,15,43,0.9647123217582703,0.9647123217582703,True,43,0.9986329674720764,0.9986329674720764,True,True
wifib|device=43|capture=23Jan|frame=2805|row=2556,43,41492,2556,1,15,43,0.9627032279968262,0.9627032279968262,True,43,0.999062716960907,0.999062716960907,True,True
wifib|device=43|capture=23Jan|frame=2813|row=2562,43,41498,2562,1,15,43,0.8997984528541565,0.8997984528541565,True,43,0.9977307915687561,0.9977307915687561,True,True
wifib|device=43|capture=23Jan|frame=2815|row=2564,43,41500,2564,1,15,43,0.9699056148529053,0.9699056148529053,True,43,0.9971615076065063,0.9971615076065063,True,True
wifib|device=43|capture=23Jan|frame=2817|row=2566,43,41502,2566,1,15,43,0.9582522511482239,0.9582522511482239,True,43,0.9983024597167969,0.9983024597167969,True,True
wifib|device=43|capture=23Jan|frame=3406|row=3121,43,42057,3121,2,15,43,0.9657909274101257,0.9657909274101257,True,43,0.9986323714256287,0.9986323714256287,True,True
wifib|device=43|capture=23Jan|frame=3411|row=3124,43,42060,3124,2,15,43,0.9430294632911682,0.9430294632911682,True,43,0.998052716255188,0.998052716255188,True,True
wifib|device=43|capture=23Jan|frame=3414|row=3127,43,42063,3127,2,15,43,0.9235603213310242,0.9235603213310242,True,43,0.9979004859924316,0.9979004859924316,True,True
wifib|device=43|capture=23Jan|frame=3419|row=3132,43,42068,3132,2,15,43,0.9406407475471497,0.9406407475471497,True,43,0.9985036849975586,0.9985036849975586,True,True
wifib|device=43|capture=23Jan|frame=3424|row=3137,43,42073,3137,2,15,43,0.9798664450645447,0.9798664450645447,True,43,0.9986728429794312,0.9986728429794312,True,True
wifib|device=43|capture=23Jan|frame=3428|row=3141,43,42077,3141,2,15,43,0.9346866607666016,0.9346866607666016,True,43,0.9975192546844482,0.9975192546844482,True,True
wifib|device=43|capture=23Jan|frame=3429|row=3142,43,42078,3142,2,15,43,0.8998267650604248,0.8998267650604248,True,43,0.9980487823486328,0.9980487823486328,True,True
wifib|device=43|capture=23Jan|frame=3436|row=3149,43,42085,3149,2,15,43,0.9196940064430237,0.9196940064430237,True,43,0.9988898634910583,0.9988898634910583,True,True
wifib|device=46|capture=23Jan|frame=2154|row=1943,46,44550,1943,0,16,46,0.8509090542793274,0.8509090542793274,True,46,0.9829166531562805,0.9829166531562805,True,True
wifib|device=46|capture=23Jan|frame=2160|row=1949,46,44556,1949,0,16,46,0.8759724497795105,0.8759724497795105,True,46,0.989213764667511,0.989213764667511,True,True
wifib|device=46|capture=23Jan|frame=2165|row=1954,46,44561,1954,0,16,46,0.9011861085891724,0.9011861085891724,True,46,0.9911894798278809,0.9911894798278809,True,True
wifib|device=46|capture=23Jan|frame=2167|row=1956,46,44563,1956,0,16,46,0.9049073457717896,0.9049073457717896,True,46,0.9930933713912964,0.9930933713912964,True,True
wifib|device=46|capture=23Jan|frame=2170|row=1959,46,44566,1959,0,16,46,0.9049915075302124,0.9049915075302124,True,46,0.9936413168907166,0.9936413168907166,True,True
wifib|device=46|capture=23Jan|frame=2175|row=1964,46,44571,1964,0,16,46,0.8994973301887512,0.8994973301887512,True,46,0.993834376335144,0.993834376335144,True,True
wifib|device=46|capture=23Jan|frame=2176|row=1965,46,44572,1965,0,16,46,0.8855503797531128,0.8855503797531128,True,46,0.9931722283363342,0.9931722283363342,True,True
wifib|device=46|capture=23Jan|frame=2180|row=1967,46,44574,1967,0,16,46,0.8005509972572327,0.8005509972572327,True,46,0.9354259371757507,0.9354259371757507,True,True
wifib|device=46|capture=23Jan|frame=2791|row=2524,46,45131,2524,1,16,46,0.8951576352119446,0.8951576352119446,True,46,0.9941919445991516,0.9941919445991516,True,True
wifib|device=46|capture=23Jan|frame=2794|row=2527,46,45134,2527,1,16,46,0.8748126029968262,0.8748126029968262,True,46,0.9892600774765015,0.9892600774765015,True,True
wifib|device=46|capture=23Jan|frame=2799|row=2532,46,45139,2532,1,16,46,0.8524124622344971,0.8524124622344971,True,46,0.9302062392234802,0.9302062392234802,True,True
wifib|device=46|capture=23Jan|frame=2803|row=2536,46,45143,2536,1,16,46,0.8171188235282898,0.8171188235282898,True,46,0.990643322467804,0.990643322467804,True,True
wifib|device=46|capture=23Jan|frame=2804|row=2537,46,45144,2537,1,16,46,0.924117386341095,0.924117386341095,True,46,0.7429616451263428,0.7429616451263428,True,True
wifib|device=46|capture=23Jan|frame=2814|row=2545,46,45152,2545,1,16,46,0.8969677090644836,0.8969677090644836,True,46,0.993830144405365,0.993830144405365,True,True
wifib|device=46|capture=23Jan|frame=2816|row=2547,46,45154,2547,1,16,46,0.8718507885932922,0.8718507885932922,True,46,0.9425226449966431,0.9425226449966431,True,True
wifib|device=46|capture=23Jan|frame=2820|row=2551,46,45158,2551,1,16,46,0.9056628346443176,0.9056628346443176,True,46,0.9738311767578125,0.9738311767578125,True,True
wifib|device=46|capture=23Jan|frame=2821|row=2552,46,45159,2552,1,16,46,0.849090576171875,0.849090576171875,True,46,0.9522685408592224,0.9522685408592224,True,True
wifib|device=46|capture=23Jan|frame=3416|row=3105,46,45712,3105,2,16,46,0.9181394577026367,0.9181394577026367,True,46,0.8592080473899841,0.8592080473899841,True,True
wifib|device=46|capture=23Jan|frame=3419|row=3108,46,45715,3108,2,16,46,0.8221855759620667,0.8221855759620667,True,46,0.9902899861335754,0.9902899861335754,True,True
wifib|device=46|capture=23Jan|frame=3420|row=3109,46,45716,3109,2,16,46,0.8558433055877686,0.8558433055877686,True,46,0.9836441874504089,0.9836441874504089,True,True
wifib|device=46|capture=23Jan|frame=3430|row=3119,46,45726,3119,2,16,46,0.8744083642959595,0.8744083642959595,True,46,0.9956667423248291,0.9956667423248291,True,True
wifib|device=46|capture=23Jan|frame=3432|row=3121,46,45728,3121,2,16,46,0.8617788553237915,0.8617788553237915,True,46,0.9901608228683472,0.9901608228683472,True,True
wifib|device=46|capture=23Jan|frame=3435|row=3124,46,45731,3124,2,16,46,0.9096044898033142,0.9096044898033142,True,46,0.9304540157318115,0.9304540157318115,True,True
wifib|device=46|capture=23Jan|frame=3438|row=3127,46,45734,3127,2,16,46,0.8129876852035522,0.8129876852035522,True,46,0.9867727160453796,0.9867727160453796,True,True
wifib|device=46|capture=23Jan|frame=3441|row=3130,46,45737,3130,2,16,46,0.9224920868873596,0.9224920868873596,True,46,0.9909554123878479,0.9909554123878479,True,True
